{"cameraMode":{"drawMode":0,"name":"Shaded","section":"Shading Mode"},"sceneLighting":true,"audioPlay":false,"sceneViewState":{"m_AlwaysRefresh":false,"showFog":true,"showSkybox":true,"showFlares":true,"showImageEffects":true,"showParticleSystems":true,"showVisualEffectGraphs":true,"m_FxEnabled":true},"in2DMode":false,"pivot":{"x":475.0674133300781,"y":341.2381286621094,"z":67.55612182617188},"rotation":{"x":-0.20434437692165376,"y":0.020424067974090577,"z":-0.0036260937340557577,"w":-0.9787779450416565},"size":446.63311767578127,"orthographic":false}