{"cameraMode":{"drawMode":0,"name":"Shaded","section":"Shading Mode"},"sceneLighting":true,"audioPlay":false,"sceneViewState":{"m_AlwaysRefresh":false,"showFog":true,"showSkybox":true,"showFlares":true,"showImageEffects":true,"showParticleSystems":true,"showVisualEffectGraphs":true,"m_FxEnabled":true},"in2DMode":false,"pivot":{"x":15.666796684265137,"y":-9.88736343383789,"z":-0.3134610950946808},"rotation":{"x":0.008523521944880486,"y":0.9591454863548279,"z":-0.28132888674736025,"w":0.02907452918589115},"size":12.12435531616211,"orthographic":false}