{"cameraMode":{"drawMode":0,"name":"Shaded","section":"Shading Mode"},"sceneLighting":false,"audioPlay":false,"sceneViewState":{"m_AlwaysRefresh":false,"showFog":true,"showSkybox":false,"showFlares":true,"showImageEffects":true,"showParticleSystems":true,"showVisualEffectGraphs":true,"m_FxEnabled":true},"in2DMode":false,"pivot":{"x":525.5055541992188,"y":385.16766357421877,"z":-29.98919677734375},"rotation":{"x":-0.004602772183716297,"y":0.9807240962982178,"z":-0.19401808083057404,"w":-0.02324429526925087},"size":179.32595825195313,"orthographic":false}